id	filename	md5	size	state
d6a80a3a-d55e-41a0-b8a4-7486fc1a7bb1	nationwidechildrens.org_clinical.TCGA-14-1034.xml	3bd014cb29293e65c6067ad09ceed4bb	44027	live
40ae6f2d-3491-4b41-9e96-63b081bef293	unc.edu.ee783da8-98c4-4107-8e9b-af8580ac2f24.1533118.rsem.genes.normalized_results	b85a12aca7fdb3e7fbd2a7ffdc7b9223	435006	live
636714b7-f212-4d41-9016-c97c5604e7cd	unc.edu.28239a0e-9990-49ef-a159-ba63fb078c77.1543931.rsem.genes.normalized_results	163ebf25318f1b6c3df0433beb346363	434933	live
6c3ad2a6-88cb-4f6a-80aa-7c966554834d	lbl.gov_GBM.HuEx-1_0-st-v2.16.gene.txt	fa7ddc0ed6be448f178554a7cc6a48d4	15824420	live
79c35d45-cf64-42eb-816a-76712943f683	unc.edu.ee783da8-98c4-4107-8e9b-af8580ac2f24.1533090.rsem.genes.results	a651c6d32e48a6b9036415fa4a6b43b6	1503236	live
d0bc1d43-3160-448e-93e4-1fc6b912c69d	unc.edu.28239a0e-9990-49ef-a159-ba63fb078c77.1543901.rsem.genes.results	a289eb95075f8d9ae7ab6c9ec0a1bf9c	1500804	live
